Box Hill Institute,Box Hill Institute.jpg
Canberra Institute of Technology,Canberra Institute of Technology.jpg
Chisholm Institute,Chisholm Institute.jpg
GOTAFE (Goulburn Ovens Institute of TAFE),GOTAFE (Goulburn Ovens Institute of TAFE).jpg
Holmesglen,Holmesglen.jpg
Kangan Institute,Kangan Institute.jpg
Melbourne Polytechnic,Melbourne Polytechnic.jpg
Sunraysia Institute of TAFE,Sunraysia Institute of TAFE.jpg
TAFE NSW,TAFE NSW.jpg
TAFE Queensland Brisbane,TAFE Queensland Brisbane.jpg
TAFE Queensland,TAFE Queensland.jpg
TAFE SA,TAFE SA.jpg
TAFE Western Australia,TAFE Western Australia.jpg
TasTAFE,TasTAFE.jpg
The Gordon,The Gordon.jpg
William Angliss Institute,William Angliss Institute.jpg
